<?xml version="1.0" encoding="UTF-8"?>
<extentreports>
  <configuration>
    <!-- base theme -->
    <!-- standard, dark -->
    <theme>standard</theme>
  
    <!-- document encoding -->
    <!-- defaults to UTF-8 -->
    <encoding>UTF-8</encoding>
    
    <!-- protocol for script and stylesheets -->
    <!-- defaults to https -->
    <protocol>https</protocol>
	
	<theme>dark</theme>
    
    <!-- title of the document -->
    <documentTitle>CMS AUTOMATION REPORT</documentTitle>
    
    <!-- base name - displayed at top-nav -->
    <reportName>CMS API </reportName>
    
    <!-- base headline - displayed at top-nav, after reportHeadline -->
    <reportHeadline>Automation Report</reportHeadline>
    
    <!-- global date format override -->
    <!-- defaults to yyyy-MM-dd -->
    <dateFormat>yyyy-MM-dd</dateFormat>
    
    <!-- global time format override -->
    <!-- defaults to HH:mm:ss -->
    <timeFormat>HH:mm:ss</timeFormat>
    
    <!-- custom javascript -->
    <scripts>
      <![CDATA[
        $(document).ready(function() {
          
        });
      ]]>
    </scripts>
	<styles>
      <![CDATA[$(document).ready(function() {$('.dashboard-view').click(); });]]>
    </styles>
    
    <!-- custom styles -->
    <styles> <![CDATA[     ]]> </styles>
  </configuration>
</extentreports>