<suite name="Regression Suite">
    <test name = "CMS API TEST">
        <classes>
            <class name="userController.PostUserLogin"/>
            <class name="getEntities.GetAttribute"/>
            <!-- <class name="getEntities.GetWidgets"/>
            <class name="getEntities.GetLayouts"/>
            <class name="getEntities.GetComponents"/>
            <class name="getEntities.GetModules"/>
             --> <class name="getEntities.GetReleases"/>


        </classes>
        </test>
        </suite>


   <!--
  <listeners>
      <listener class-name="org.testng.reporters.EmailableReporter2" />
  </listeners>

  <test name="CMS API TEST">
      <classes>

          <class name="getEntities.GetComponents"/>

    <class name="createEntities.CreateAttribute"/>
           <class name="createEntities.CreateWidget"/>
           <class name="createEntities.CreateLayout"/>
           <class name="createEntities.CreateComponent"/>
           <class name="createEntities.CreateModule"/>

   -->